,Unnamed: 0,0,1,2,3,4,5,6,7,8
0,0,"COASTA HOMA, LLC 
Trade Name:",TAAA-NCOF-UF3E,CALAEB25@GMAIL.COM,4057404752,ADA,74820.0,PONTOTOC,,
1,1,"UR SMOKIN DELIVERY 
Trade Name:",TAAA-VKZB-BSUZ,JAJENSEN06@GMAIL.COM,4054416540,ALLEN,74825.0,PONTOTOC,,
2,2,"D-LUV TRANSPORT LTD. CO. 
Trade Name: D-LUVS TRANSPORT LTD. CO.",TAAA-6NR6-KI0Y,LUVS420@YAHOO.COM,5804718768,ALTUS,73521.0,JACKSON,,
3,3,"CANNALAB LLC 
Trade Name: CANNALAB",TAAA-CIRX-CDDD,PRFULMER@GMAIL.COM,4052505750,ARDMORE,73401.0,OKLAHOMA,,
4,4,"SYNCROSCAPE BUSINESS SERVICES 
Trade Name: SYNCROSCAPE BUSINESS SERVICES",TAAA-XXBF-D15X,SYNCROSCAPE788@GMAIL.COM,5802775743,ARDMORE,73401.0,CARTER,,
5,5,"OMW, LLC 
Trade Name: OMW",TAAA-4KPX-B4ZO,BRUCE@BNJBUILDERS.COM,4058182507,BETHANY,73008.0,OKLAHOMA,,
6,6,"HERB'N COWBOYS DISTRIBUTING, LLC 
Trade Name: HERB'N COWBOYS",TAAA-NYCV-SFBE,WAYLON@HERBNCOWBOYS.COM,9182615054,BIXBY,74008.0,TULSA,,
7,7,"THE EXPANSE, LLC 
Trade Name: THE EXPANSE",TAAA-DUIZ-31CX,KINI732@HOTMAIL.COM,4059199101,BLACKWELL,74631.0,KAY,,
8,8,"COUNTRY GIRLS SMOKIN TRANSPORT LLC 
Trade Name:",TAAA-TEQS-BQYT,"COUNTRYGIRLS_TRANSPORT@YAH
OO.COM",9187160599,BOYNTON,74422.0,MUSKOGEE,,
9,9,"RONIN TRANSPORT LLC 
Trade Name: RONIN TRANSPORT",TAAA-0IJS-RJ8O,PIN8177@GMAIL.COM,9186999096,BROKEN ARROW,74011.0,TULSA,,
10,10,"UNCONVENTIONAL LOGISTICS LLC 
Trade Name:",TAAA-BVSQ-N25X,"BRENNEN@PRESTIGEWORLDWIDEC
ANNABIS.COM",9185652157,BROKEN ARROW,74012.0,TULSA,,
11,11,"CANNAPORT L.L.C. 
Trade Name: CANNAPORT L.L.C.",TAAA-VEVR-JDHE,CANNAPORTLLC@GMAIL.COM,4052465341,CHANDLER,74834.0,LINCOLN,,
12,12,"APEX ASSET PROTECTION LLC 
Trade Name: APEX ASSET PROTECTION LLC","TAAA-G3WR-
MRB8",APEXAPLLC@GMAIL.COM,4058500377,CHICKASHA,73018.0,GRADY,,
13,0,"BASELINE LABORATORIES LLC 
Trade Name: BASELINE LABORATORIES LLC",TAAA-N8O5-KX3W,BMOSLEY@BASELINE-LABS.COM,4053902522,CHOCTAW,73020.0,OKLAHOMA,,
14,1,"SECURE TRANSPORT MEDICAL MARIJUANA LLC 
Trade Name: STMMLLC",TAAA-PCDE-ORI5,STMM00@OUTLOOK.COM,9186068880,COLCORD,74338.0,DELAWARE,,
15,2,"ACME DISTRIBUTORS, LLC 
Trade Name:",TAAA-QDGK-JPVA,"ALEXIS@FORBIDDENFRUITSFARM.C
OM",4052473000,CYRIL,73029.0,CADDO,,
16,3,"GRIND ARTIST PRODUCTIONS LLC 
Trade Name: GAP SPECIALTY TRANSPORT LLC",TAAA-BVTD-SNI2,"GRINDARTISTPRODUCTIONS@YAHO
O.COM",4055034146,DOVER,73734.0,KINGFISHER,,
17,4,"BUD'S TESTING LLC 
Trade Name: BUD'S TESTING LLC",TAAA-GPUN-HFGS,LINDY@BUDSTESTING.COM,5806561651,DUNCAN,73533.0,STEPHENS,,
18,5,"PARADIGM TRANSPORTS LLC. 
Trade Name: PARADIGM TRANSPORTS",TAAA-GHGL-VR9B,"PARADIGMTRANSPORTINC@GMAIL.
COM",5807993774,DUNCAN,73533.0,STEPHENS,,
19,6,"FLOWERMOVER, LLC 
Trade Name: FLOWERMOVER, LLC",TAAA-2GFV-T7QR,"SCHROEDER.BRITTANY@GMAIL.CO
M",4052586335,EDMOND,73034.0,OKLAHOMA,,
20,7,"GREEN WHOLESALE DISTRIBUTORS, LLC 
Trade Name: GREEN WHOLESALE DISTRIBUTORS, LLC",TAAA-O5AI-YPAM,TTACCIA@GMAIL.COM,5805740800,EDMOND,73034.0,LOGAN,,
21,8,"EXPRESS TOXICOLOGY TRANSPORT SERVICES LLC 
Trade Name: EXPRESS TOXICOLOGY TRANSPORT SERVICES LLC",TAAA-VKFS-DS8M,"TRANSPORT@EXPRESSTOXICOLOGY
SERVICES.COM",4052165788,EDMOND,73013.0,OKLAHOMA,,
22,9,"HONEY BEAR TRANSPORT LLC 
Trade Name: HONEY BEAR TRANSPORT",TAAA-XIWS-OINH,BABOOKER5184@GMAIL.COM,4197086471,EDMOND,73013.0,OKLAHOMA,,
23,10,"SECURE TRANSPORT SOLUTIONS INC 
Trade Name:",TAAA-TWCE-TGYN,"BRYAN@SECURETRANSPORT.SOLUT
IONS",4054963882,EDMOND,73034.0,LOGAN,,
24,11,"THE BLACKSTONE GROUP LLC 
Trade Name: EMERALD TRANSPORT",TAAA-JOUF-AIG5,"CALVIN.MIKELLGROUP@GMAIL.CO
M",7204275532,EDMOND,73013.0,OKLAHOMA,,
25,12,"TRANZPORT TECHS LLC 
Trade Name:",TAAA-4K7R-VREB,INFO@TRANZTECHS.COM,4059062552,EDMOND,73003.0,OKLAHOMA,,
26,13,"WATERLOO CANNA-HAUL 
Trade Name: CANNA-HAUL",TAAA-UDGK-KZOT,KSTEVENER@HOTMAIL.COM,4055708984,EDMOND,73034.0,LOGAN,,
27,14,"ALREADY HIGH, LLC 
Trade Name:",TAAA-VKGY-N7Y1,SUPPLY1490@GMAIL.COM,5805916113,FAXON,73540.0,COMANCHE,,
28,0,"HUSBAND & WIFE DISTRIBUTING 
Trade Name: H&W DISTRIBUTING",TAAA-IF36-KPHO,PIPELINERCHRIS@AOL.COM,9186508449,GLENCOE,74032.0,PAYNE,,
29,1,"TJB RESTRICTED HOLDINGS 
Trade Name: GENESIS TESTING LABS",TAAA-NBNC-SASW,"TONY.BRIXEY@GENESISTESTINGLAB
S.COM",9183144245,GROVE,74344.0,DELAWARE,,
30,2,"COCHE VERDE LLC 
Trade Name:",TAAA-JOJZ-BIPE,COCHEVERDELLC@GMAIL.COM,9187264463,HUGO,74743.0,CHOCTAW,,
31,3,"GREEN DREAM PROCUREMENT, LLC 
Trade Name: N/A",TAAA-TCZ5-MSEE,"GREENDREAMPROCUREMENT@GM
AIL.COM",8324436758,LAHOMA,73754.0,GARFIELD,,
32,4,"ELYSIAN VISION INC 
Trade Name:",TAAA-JOO0-Z9Q3,ELYSIANVISION@YAHOO.COM,9517334611,MACOMB,74852.0,POTTAWATOMIE,,
33,5,"DROP ZONE DISTRIBUTION, LLC 
Trade Name: DROP ZONE DISTRIBUTION",TAAA-3FE2-DJHM,LDGBBLACK@GMAIL.COM,4055901819,MIDWEST CITY,73130.0,OKLAHOMA,,
34,6,"405 INTERCEPT L.L.C 
Trade Name:",TAAA-7SCL-JNEZ,KMD9214@YAHOO.COM,4054749748,MOORE,73160.0,CLEVELAND,,
35,7,"DOOBI DISTRIBUTION, LLC 
Trade Name:",TAAA-YJIB-52V5,CHRISG@BBMOFOKC.COM,4054206530,NOBLE,73068.0,CLEVELAND,,
36,8,"BUCHANAN ENTERPRISES LLC 
Trade Name: ESSENTIAL TRANSPORT",TAAA-OS45-IQDP,"BUCHANANENTERPRISESLLC@GMAI
L.COM",4059334966,NORMAN,73071.0,CLEVELAND,,
37,9,"RW TRANSPORT 
Trade Name:",TAAA-Q4ZI-ROM0,RWADE1031@GMAIL.COM,4055505430,NORMAN,73071.0,CLEVELAND,,
38,10,"DEMETER OK LABORATORY, LLC 
Trade Name: DEMETER LABORATORY",TAAA-ZRV1-UTJS,EWALLIS@DEMETERLAB.COM,4056050461,OKLAHOMA CITY,73112.0,OKLAHOMA,,
39,11,"FAST LABORATORIES OF OKLAHOMA CITY, LLC 
Trade Name: FAST LABS",TAAA-41SQ-OTOU,"KFELLING@FASTLABORATORIES.CO
M",5014029789,OKLAHOMA CITY,73135.0,OKLAHOMA,,
40,12,"HALF TON HOLDINGS, LLC 
Trade Name: DISTROTEK",TAAA-KTZC-FJOG,MIKE@LIGHTNINGCREEKOK.COM,4053153633,OKLAHOMA CITY,73149.0,OKLAHOMA,,
41,13,"OMEGA SECURITY SPECIALISTS, INC. 
Trade Name: CANNABIS SAFETY & SECURITY, INC.",TAAA-CNDL-71SN,TKE423@GMAIL.COM,4053451730,OKLAHOMA CITY,73179.0,OKLAHOMA,,
42,14,"OVERLAND LOGISTICS, LLC 
Trade Name: OVERLAND LOGISTICS, LLC",TAAA-PX5C-L7FP,BLAKEF@OVERLANDLOGISTIC.COM,5803180538,OKLAHOMA CITY,73179.0,OKLAHOMA,,
43,0,"REDMAN TRANSPORT, LLC 
Trade Name:",,,TAAA-GP3Q-YMQ5,"REDMANTRANSPORTLLC@GMAIL.C
OM",4054011832.0,OKLAHOMA CITY,73116.0,OKLAHOMA
44,1,"STRONGHOLD TRANSPORTATION GROUP, LLC 
Trade Name: STRONGHOLD TRANSPORTATION",,,TAAA-NKNY-1SYG,"INFO@STRONGHOLDPROTECTION.C
OM",4054390950.0,OKLAHOMA CITY,73107.0,OKLAHOMA
45,2,"WELL TRANSPORT, LLC 
Trade Name:",,,TAAA-TAJJ-UJUU,ASHLEYD.REEVES@GMAIL.COM,4052065296.0,OKLAHOMA CITY,73162.0,OKLAHOMA
46,3,"WHTC HOLDINGS, LLC 
Trade Name: THE WEIGHT",,,TAAA-NJNC-ZMCC,"WHOLLOWAY@OKCANNABISDIRECT
.COM",4053185415.0,OKLAHOMA CITY,73117.0,OKLAHOMA
47,4,"CANNABIS TESTING LLC 
Trade Name: CANNABEST LABS",,,TAAA-CVHS-Y9F4,RBRITTEN@CANNABESTLABS.COM,4054882400.0,OKLAHOMA CITY,73118.0,OKLAHOMA
48,5,"DAVID MCQUOWN LLC 
Trade Name: DAVID MCQUOWN LLC",,,TAAA-HSBR-BH6O,DMCQUOWN@COX.NET,4056583987.0,OKLAHOMA CITY,73159.0,OKLAHOMA
49,6,"GCM SERVICES TRANSPORTATION COMPANY 
Trade Name: GCM SERVICES TRANSPORTATION COMPANY",,,TAAA-4KZJ-KOHE,"GCMSERVICETRANSPORT@GMAIL.C
OM",4055957440.0,OKLAHOMA CITY,73135.0,OKLAHOMA
50,7,,HENDRICKSON INVESTIGATION AND PROTECTION SERVICES,,TAAA-V1ZM-SI7K,"GRADY@HENDRICKSONPROTECTIO
N.COM",4052492258.0,OKLAHOMA CITY,73108.0,OKLAHOMA
51,8,,LLC,,,,,,,
52,9,,Trade Name:,,,,,,,
53,10,"KEVIN Q NGUYEN 
Trade Name: KQ NGUYEN",,,TAAA-POTG-MT3C,5KSGROWERS@GMAIL.COM,4056239798.0,OKLAHOMA CITY,73132.0,OKLAHOMA
54,11,"LEGEND CANNABIS GROW LLC 
Trade Name:",,,TAAA-WJTH-ZMG1,NAWRIGHT22@LIVE.COM,9182609805.0,OKLAHOMA CITY,73106.0,OKLAHOMA
55,12,"NUPRO LOGISTICS INC. 
Trade Name: NUPRO LOGISTICS",,,TAAA-41DN-8LBN,PAT@NUPROLOGISTICS.COM,5807049966.0,OKLAHOMA CITY,73179.0,COMANCHE
56,13,"PHAMILY TREES 
Trade Name: PHAMILY TREES TRANSPORTATION",,,TAAA-WXY8-QBSA,PHAMILYTREESOK@GMAIL.COM,4052042307.0,OKLAHOMA CITY,73120.0,OKLAHOMA
57,14,"PURELABS-OKC 
Trade Name: PURELABS",,,TAAA-RXYQ-PUUR,HPURDY@PURELABSOKC.COM,4058856411.0,OKLAHOMA CITY,73139.0,OKLAHOMA
58,15,"SECURE TRANSPORT SOLUTIONS INC 
Trade Name: SECURE TRANSPORT SOLUTIONS",,,TAAA-5FC0-XAVU,"BRYAN@SECURETRANSPORT.SOLUT
IONS",4052562234.0,OKLAHOMA CITY,73108.0,OKLAHOMA
59,16,"SECURE TRANSPORT SOLUTIONS INC 
Trade Name: SECURE TRANSPORT SOLUTIONS INC",,,TAAA-EKXF-PP83,"BRYAN@SECURETRANSPORT.SOLUT
IONS",4052562234.0,OKLAHOMA CITY,73108.0,OKLAHOMA
60,0,"STRAIGHT FIRE LLC 
Trade Name:","TAAA-EWZM-
OBHZ",STRAIGHTFIREOK@GMAIL.COM,4052108144,OKLAHOMA CITY,73132.0,OKLAHOMA,,
61,1,"THE SUPPLY DISTRIBUTION LLC 
Trade Name:","TAAA-VTMM-
FGDG",BLAKE@THEMJSUPPLY.COM,4055340005,OKLAHOMA CITY,73134.0,OKLAHOMA,,
62,2,"VERDE TESTING LLC 
Trade Name: VERDE TESTING, LLC",TAAA-41UC-PN8G,LIZ@VERDETESTING.COM,4056264839,OKLAHOMA CITY,73134.0,OKLAHOMA,,
63,3,"WOKE DISTRIBUTION 
Trade Name: WOKE DISTRIBUTION","TAAA-OC4W-
QN6U",WOKEDISTRIBUTION@GMAIL.COM,4052455654,OKLAHOMA CITY,73116.0,OKLAHOMA,,
64,4,"NUTTYBUD LLC 
Trade Name: NUTTYBUD",TAAA-NOKB-ZHBD,CYCURTIS154@YAHOO.COM,4056423294,PADEN,74860.0,OKFUSKEE,,
65,5,"CANNABIS TRANSPORT BROKERS, LLC 
Trade Name: CANNABIS TRANSPORT BROKERS, LLC",TAAA-P9BD-4QMH,"CANNABISBROKEROKC@GMAIL.CO
M",4054139375,PIEDMONT,73078.0,CANADIAN,,
66,6,"TOWER ROAD TRANSPORTATION, LLC 
Trade Name: TOWER ROAD TRANSPORTATION",TAAA-0OM3-Q7S9,AJOUYANG@YAHOO.COM,9132445149,PONCA CITY,74601.0,KAY,,
67,7,"HIGHER TESTING, LLC 
Trade Name: HIGHER TESTING, LLC",TAAA-EYVC-GKJB,TY@HMS-US.COM,4795618811,ROLAND,74954.0,SEQUOYAH,,
68,8,"ELITE ELEMENT TESTING LABORATORY, LLC 
Trade Name: STEEP HILL OKLAHOMA",TAAA-VKS3-YYDG,"KANDICE.FAULKENBERRY@OK.STEE
PHILL.COM",9183157892,SALLISAW,74955.0,SEQUOYAH,,
69,9,"TRANSPORTATION & SECURITY SPECIALISTS LLC 
Trade Name: TSS",TAAA-OSUF-XSTE,AFORTNER@EXECUTIVESEC.NET,4178492767,SAND SPRINGS,74063.0,TULSA,,
70,10,"MILE HIGH TRANSPORT LLC 
Trade Name: MILE HIGH TRANSPORT",TAAA-7Z01-NSU0,MICHAELGRYDER@LIVE.COM,8324156690,SAPULPA,74066.0,CREEK,,
71,11,"HIGH HORSE TRANSPORT, LLC 
Trade Name:",TAAA-NIQN-KBFL,"HIGHHORSETRANSPORT@GMAIL.C
OM",5807437307,SAWYER,74756.0,CHOCTAW,,
72,12,"JOHN BALES SECURITY SERVICES 
Trade Name:",TAAA-NPTC-HFE3,REDONMINGO@YAHOO.COM,9187243510,TAHLEQUAH,74464.0,CHEROKEE,,
73,13,"DANK MOVES LLC 
Trade Name: DANK MOVES LLC",TAAA-S2IU-XTAQ,DANKMOVES247@GMAIL.COM,4053143642,TECUMSEH,74873.0,POTTAWATOMIE,,
74,14,"CODY BRIDWELL 
Trade Name: CODY'S TRANSPORT",TAAA-4JMY-WIYE,CODY.A.BRIDWELL@GMAIL.COM,9409024705,THACKERVILLE,73459.0,LOVE,,
75,0,"DEFCON PROTECTION SERVICES, LLC 
Trade Name: DEFCON PROTECTION SERVICES, LLC",TAAA-SJOE-OJPP,ALANHERRON21@GMAIL.COM,9188997257,TULSA,74137.0,TULSA,,
76,1,"RYCO SOLUTIONS, LLC 
Trade Name: STASH HOUSE DISTRIBUTION",TAAA-EJNV-O3HA,SHANE.F.FINN@GMAIL.COM,7033802312,TULSA,74112.0,TULSA,,
77,2,"918 BUDS TRANSPORTING LLC 
Trade Name:","TAAA-MQZI-
CWLM",BUDS918@YAHOO.COM,9185516370,TULSA,74126.0,TULSA,,
78,3,"GREEN 2 GO LLC 
Trade Name:",TAAA-XMBD-CSNK,LEONDONLEY@GMAI.COM,5392029031,TULSA,74112.0,TULSA,,
79,4,"GREEN TREK 
Trade Name: GREEN TREK",TAAA-W8FG-BOY1,CARL@GREENCRAFTOK.COM,9186398419,TULSA,74133.0,TULSA,,
80,5,"PAYCASH GROUP LLC 
Trade Name: PAYCASH GROUP LLC",TAAA-EKJA-WRLG,GARY@MEGAWAT.COM,9186293130,TULSA,74119.0,TULSA,,
81,6,"T3 TRANSPORTATION LLC 
Trade Name: STSOT",TAAA-IVCU-EKMB,MMARTUCCI@TULSAPAIN.ORG,9186450458,TULSA,74146.0,TULSA,,
82,7,"TACTICAL TRANSPORTATION LLC 
Trade Name: TACTICAL TRANSPORTATION LLC",TAAA-NK1S-4NSJ,"TREVOR@TACTICALTRANSPORTATI
ONOK.COM",9187296194,TULSA,74112.0,TULSA,,
83,8,"WATCHMEN SECURITY AND PROTECTIVE SERVICES LLC 
Trade Name: WATCHMEN SECURITY AND PROTECTIVE SERVICES LLC",TAAA-4ORH-ADAN,GBATES4909@YAHOO.COM,9184889538,TULSA,74128.0,TULSA,,
84,9,"CANNALYTICS LABORATORIES, LLC 
Trade Name:",TAAA-NMO8-J0VU,MICAH@PROCANNALYTICS.COM,4053451050,WEATHERFORD,73096.0,CUSTER,,
